	list0_1	list1_1	list2_1	list3_1	list4_1	list5_1	list6_1	list7_1	list8_1	list9_1
gene1	3.794531	4.338500	3.414333	3.713554	3.671898	4.378483	4.322191	4.025241	4.024657	3.952756
gene2	4.214323	3.541307	3.788917	3.615247	3.980988	3.822823	4.141917	4.074674	4.009939	4.331067
gene3	3.724881	4.059540	4.100273	4.508352	4.428421	3.979140	4.278069	4.050363	3.978341	4.316523
gene4	3.964077	4.363002	3.825373	3.725373	4.041605	3.957018	3.812572	3.471220	3.956488	4.140939
gene5	4.069049	3.598787	3.999585	4.010222	4.115584	3.859645	3.607579	3.851370	4.198133	4.042342
gene6	3.952094	3.932270	4.086818	4.245638	3.816752	4.332004	3.712916	4.166229	4.065939	4.469416
