	list0_1	list1_1	list2_1	list3_1	list4_1	list5_1	list6_1	list7_1	list8_1	list9_1
gene1	3.077574	3.031470	2.421593	2.890768	2.790324	2.827375	2.475362	2.961807	3.436079	3.044559
gene2	2.924324	2.960556	3.114010	3.067333	2.610492	3.178349	3.045131	2.843107	3.057150	2.927150
gene3	2.938574	2.787951	2.666945	3.003082	2.682929	2.481769	3.474758	3.222049	3.078487	2.426725
gene4	2.927896	3.340123	2.992760	3.424349	2.839335	3.085753	3.023180	3.300364	3.127278	2.959242
gene5	2.874854	3.121129	3.167755	3.164780	3.065321	2.639670	2.913100	3.317380	3.139275	2.888413
gene6	2.994985	3.296165	3.004955	3.116400	2.823198	3.041329	3.216743	3.183462	3.428104	3.048831
